"run_no","run_id","started_at","ended_at","duration_hours","registry_hash","runtime_policy_hash","ledger_head_hash","snapshot_count","coverage_ratio","controlled_restart","final_decision","blocked_or_anomalies","reviewer","reviewed_at"
"1","","","","","","","","","","","","","",""
"2","","","","","","","","","","","","","",""
"3","","","","","","","","","","","","","",""
"4","","","","","","","","","","","","","",""
"5","","","","","","","","","","","","","",""
"6","","","","","","","","","","","","","",""
"7","","","","","","","","","","","","","",""
"8","","","","","","","","","","","","","",""
"9","","","","","","","","","","","","","",""
"10","","","","","","","","","","","","","",""
"11","","","","","","","","","","","","","",""
"12","","","","","","","","","","","","","",""
"13","","","","","","","","","","","","","",""
"14","","","","","","","","","","","","","",""
"15","","","","","","","","","","","","","",""
"16","","","","","","","","","","","","","",""
"17","","","","","","","","","","","","","",""
"18","","","","","","","","","","","","","",""
"19","","","","","","","","","","","","","",""
"20","","","","","","","","","","","","","",""
